ID,title,composer,lyricist
BPO,O nata lux,Ben Parry,Office hymn for the Feast of the Transfiguration (変容の祝日のための賛歌)
BPT,(arr.) The Oak and the Ash,Ben Parry,Traditional English
BCG,Greensleeves,Bob Chilcott,Traditional English
EHA,Alleluia,Elaine Hagenberg,A. Augustinus
JMO,O Radiant Dawn,James Macmillan,Antiphon for 21 December(12月21日のための交唱)
JRD,Dashing away with the smoothing iron,John Rutter,Traditional English
OGA,Ave Generosa,Ola Gjeilo,Hildegard von Bingen
OGT,The Rose,Ola Gjeilo,Christina Rossetti
OGE,Ecce Novum,Ola Gjeilo,Annonymous
PMJ,(arr.) Jnjen čeua jti gna',Pavle Merkù,folksong from S. Giorgio in Resia Vally (Italy)
RBP,Puer Nobis,Richard Rodney Bennett,Alice Meynell
RBI,I wonder as I wander,Richard Rodney Bennett,John Jacob Niles
TTI,If ye love me,Thomas Tallis,John (ヨハネによる福音書) 14: 15-17
TTP,Purge Me O Lord,Thomas Tallis,Annonymous
WAS,Sommarpsalm,Waldemar Åhlén,Carl David af Wirsén
KMT,たそがれ,木下牧子,今成敏夫
KMS,シュプール,木下牧子,今成敏夫
KMA,あお,木下牧子,谷川俊太郎
AST,The Long Day Closes,Arthur Sullivan,Henry F. Chorley
TMN,Now is the month of maying,Thomas Morley,Thomas Morley
HBA,Ave Maria,Javier Busto,Annonymous
TTK,恋のかくれんぼ,武満徹,谷川俊太郎